Workbook

Sheet 1 Board
A1: Test record — MelansonTech Isolated Shunt Amplifier Rev 2
A2: One copy per board. Fill the yellow cells; everything else calculates. See docs/CALIBRATION.md for the procedures.
A4: Board serial / identifier | C4: Whatever you mark on the board
A5: Date tested | C5: YYYY-MM-DD
A6: Tested by
A7: Assembly revision | B7: Rev 2
A9: AMBIENT AND CONDITIONS
A10: Ambient temperature at test | C10: °C — the spec is written at 23 °C ±5 °C
A11: Warm-up before trimming (minutes) | C11: 30 minutes minimum, see CALIBRATION.md
A12: Auxiliary supply voltage, measured | C12: V — measure it at the jack. 13–15 V works; 15 V is needed for the full spec
A13: Auxiliary supply isolated? | C13: MUST be floating. See SAFETY.md and the README
A15: EQUIPMENT USED
A16: DMM / scope model and serial
A17: Current source or reference ammeter
A18: Reference ammeter accuracy | C18: Needs to be better than the board to mean anything
A19: Instrument input impedance | B19: 1 MΩ | C19: A 50 Ω terminated input reads HALF

Sheet 2 Bring-up
A1: Bring-up — first power-on
A2: J2 disconnected, isolated supply, current limit ~200 mA. Order matters: work down the sheet.
A4: Step | B4: Check | C4: Expected | D4: Measured | E4: Result
A5: 1 | B5: Visual — solder bridges at J1, J2, J4 | C5: none
A6: 2 | B6: Visual — U2 and PSU1 orientation | C6: correct
A7: 3 | B7: SW1 position 1 (Off): supply current | C7: ≈ 0 mA | E7: =IF(D7="","",IF(ABS(D7)<5,"PASS","FAIL"))
A8: 4 | B8: SW1 position 2 (10 A range): supply current | C8: 90–100 mA | E8: =IF(D8="","",IF(AND(D8>60,D8<130),"PASS","FAIL"))
A9: 5 | B9: SW1 position 2: D5 lit, D4 dark | C9: exactly one lit
A10: 6 | B10: SW1 position 3 (5 A range): D4 lit, D5 dark | C10: exactly one lit
A11: 7 | B11: SW1 position 3: Rel1 audibly operates | C11: click heard/felt
A12: 8 | B12: Nothing overheating (U6 warm is normal) | C12: no fast heating
A13: 9 | B13: Output near zero before trim | C13: within ±50 mV | E13: =IF(D13="","",IF(ABS(D13)<50,"PASS","FAIL"))
B15: RAIL CHECK
B16: VregIn | C16: ≈ Vin − 0.37 V | E16: =IF(D16="","",IF(AND(D16>12.4,D16<15.7),"PASS","FAIL"))
B17: +12 | C17: 12 V if Vin ≥ 14.9 V, else ≈ Vin − 2.07 V | E17: =IF(OR(D17="",'1 Board'!B12=""),"",IF('1 Board'!B12>=14.9,IF(AND(D17>11.5,D17<12.5),"PASS","FAIL"),IF(ABS(D17-('1 Board'!B12-2.07))<0.6,"PASS (unregulated, expected)","FAIL")))
B18: +5 | C18: 5 V ±5 % | E18: =IF(D18="","",IF(AND(D18>4.75,D18<5.25),"PASS","FAIL"))
B19: +5_ISO | C19: 5 V, isolated side | E19: =IF(D19="","",IF(AND(D19>4.6,D19<5.6),"PASS","FAIL"))
B20: ISenseRTN, relative to board 0 V | C20: ≈ 6 V | E20: =IF(D20="","",IF(AND(D20>5.7,D20<6.3),"PASS","FAIL"))
B21: DiffAmpRef, relative to board 0 V | C21: ≈ 6 V | E21: =IF(D21="","",IF(AND(D21>5.7,D21<6.3),"PASS","FAIL"))
B23: The +12 check reads your measured supply from the Board sheet. Above 14.9 V it expects a regulated 12 V; below that it expects an unregulated rail at roughly Vin − 2.07 V, which is correct behaviour, not a fault. See finding 2 in DESIGN_REVIEW.md.

Sheet 3 Zero trim
A1: Zero trim — R28
A2: J2 open or shorted, 30 minutes warm-up, SW1 position 3 (5 A range, ×100). A null on this range holds on the other.
A4: Temperature at which the trim was made | C4: °C | D4: Record it — the residual drift from here is what limits zero stability
A5: Output before trimming | C5: mV | D5: IsenseOut relative to ISenseRTN
A6: Output after trimming | C6: mV | D6: As close to zero as you can hold
A7: R28 value fitted | B7: 100 | C7: Ω | D7: Should be 100 Ω. The BOM's 10 kΩ line is an error
A8: Trim position within travel | D8: centre / near one end / at the end
A10: Residual within ±5 mV? | B10: =IF(B6="","",IF(ABS(B6)<=5,"PASS","FAIL")) | D10: A few mV is normal. If it will not null at either extreme of travel, fit a 200 Ω trimmer — see CALIBRATION.md.
A12: If the trim runs out of range: the chain's static offset exceeds ±3 mV. This is a tolerance
A13: stack, not a fault — at datasheet limits it can reach ±24 mV. Fit 200 Ω, which doubles the
A14: range and still resolves to 0.12 % of full scale. Note it in the comments so the population
A15: is tracked.
A17: Re-trim whenever the board has moved temperature and small readings matter. Re-trimming at
A18: the working temperature takes the fixed error term from 11.3 mA to 9.1 mA on the 10 A range.

Sheet 4 Accuracy 10A
A1: Accuracy — 10 A range (×10)
A2: SW1 to this range. Nominal 100 mV/A, full scale 10 A. Published spec: ±(1.0 % of reading + 12 mA). Zero trim must be done first.
A4: Point | B4: True current (A) | C4: Output measured (V) | D4: Indicated current (A) | E4: Error (mA) | F4: Error (% of reading) | G4: Spec limit (± mA) | H4: Result
A5: 1 | B5: 0.5 | D5: =IF(C5="","",C5/100*1000) | E5: =IF(D5="","",(D5-B5)*1000) | F5: =IF(OR(D5="",B5=0),"",(D5-B5)/B5*100) | G5: =1/100*B5*1000+12 -> 17 | H5: =IF(E5="","",IF(ABS(E5)<=G5,"PASS","FAIL"))
A6: 2 | B6: 1 | D6: =IF(C6="","",C6/100*1000) | E6: =IF(D6="","",(D6-B6)*1000) | F6: =IF(OR(D6="",B6=0),"",(D6-B6)/B6*100) | G6: =1/100*B6*1000+12 -> 22 | H6: =IF(E6="","",IF(ABS(E6)<=G6,"PASS","FAIL"))
A7: 3 | B7: 2 | D7: =IF(C7="","",C7/100*1000) | E7: =IF(D7="","",(D7-B7)*1000) | F7: =IF(OR(D7="",B7=0),"",(D7-B7)/B7*100) | G7: =1/100*B7*1000+12 -> 32 | H7: =IF(E7="","",IF(ABS(E7)<=G7,"PASS","FAIL"))
A8: 4 | B8: 5 | D8: =IF(C8="","",C8/100*1000) | E8: =IF(D8="","",(D8-B8)*1000) | F8: =IF(OR(D8="",B8=0),"",(D8-B8)/B8*100) | G8: =1/100*B8*1000+12 -> 62 | H8: =IF(E8="","",IF(ABS(E8)<=G8,"PASS","FAIL"))
A9: 5 | B9: 7.5 | D9: =IF(C9="","",C9/100*1000) | E9: =IF(D9="","",(D9-B9)*1000) | F9: =IF(OR(D9="",B9=0),"",(D9-B9)/B9*100) | G9: =1/100*B9*1000+12 -> 87 | H9: =IF(E9="","",IF(ABS(E9)<=G9,"PASS","FAIL"))
A10: 6 | B10: 10 | D10: =IF(C10="","",C10/100*1000) | E10: =IF(D10="","",(D10-B10)*1000) | F10: =IF(OR(D10="",B10=0),"",(D10-B10)/B10*100) | G10: =1/100*B10*1000+12 -> 112 | H10: =IF(E10="","",IF(ABS(E10)<=G10,"PASS","FAIL"))
A12: Overall | H12: =IF(COUNTA(C5:C10)=0,"",IF(COUNTIF(H5:H10,"FAIL")>0,"FAIL","PASS"))
A14: GAIN CONSTANT (optional — takes the proportional term to ±0.25 % / ±0.15 %)
A15: k = true / indicated, from the highest point measured | C15: =IF(COUNTA(C5:C10)=0,"",INDEX(B5:B10,MATCH(MAX(B5:B10),B5:B10,0))/INDEX(D5:D10,MATCH(MAX(B5:B10),B5:B10,0)))
A16: Expect k within about ±1 % of 1.000. If k ≈ 2.0 your instrument is terminating into 50 Ω — use a 1 MΩ input.

Sheet 5 Accuracy 5A
A1: Accuracy — 5 A range (×100)
A2: SW1 to this range. Nominal 1000 mV/A, full scale 5 A. Published spec: ±(0.9 % of reading + 8 mA). Zero trim must be done first.
A4: Point | B4: True current (A) | C4: Output measured (V) | D4: Indicated current (A) | E4: Error (mA) | F4: Error (% of reading) | G4: Spec limit (± mA) | H4: Result
A5: 1 | B5: 0.25 | D5: =IF(C5="","",C5/1000*1000) | E5: =IF(D5="","",(D5-B5)*1000) | F5: =IF(OR(D5="",B5=0),"",(D5-B5)/B5*100) | G5: =0.9/100*B5*1000+8 -> 10.25 | H5: =IF(E5="","",IF(ABS(E5)<=G5,"PASS","FAIL"))
A6: 2 | B6: 0.5 | D6: =IF(C6="","",C6/1000*1000) | E6: =IF(D6="","",(D6-B6)*1000) | F6: =IF(OR(D6="",B6=0),"",(D6-B6)/B6*100) | G6: =0.9/100*B6*1000+8 -> 12.5 | H6: =IF(E6="","",IF(ABS(E6)<=G6,"PASS","FAIL"))
A7: 3 | B7: 1 | D7: =IF(C7="","",C7/1000*1000) | E7: =IF(D7="","",(D7-B7)*1000) | F7: =IF(OR(D7="",B7=0),"",(D7-B7)/B7*100) | G7: =0.9/100*B7*1000+8 -> 17 | H7: =IF(E7="","",IF(ABS(E7)<=G7,"PASS","FAIL"))
A8: 4 | B8: 2 | D8: =IF(C8="","",C8/1000*1000) | E8: =IF(D8="","",(D8-B8)*1000) | F8: =IF(OR(D8="",B8=0),"",(D8-B8)/B8*100) | G8: =0.9/100*B8*1000+8 -> 26 | H8: =IF(E8="","",IF(ABS(E8)<=G8,"PASS","FAIL"))
A9: 5 | B9: 3.5 | D9: =IF(C9="","",C9/1000*1000) | E9: =IF(D9="","",(D9-B9)*1000) | F9: =IF(OR(D9="",B9=0),"",(D9-B9)/B9*100) | G9: =0.9/100*B9*1000+8 -> 39.5 | H9: =IF(E9="","",IF(ABS(E9)<=G9,"PASS","FAIL"))
A10: 6 | B10: 5 | D10: =IF(C10="","",C10/1000*1000) | E10: =IF(D10="","",(D10-B10)*1000) | F10: =IF(OR(D10="",B10=0),"",(D10-B10)/B10*100) | G10: =0.9/100*B10*1000+8 -> 53 | H10: =IF(E10="","",IF(ABS(E10)<=G10,"PASS","FAIL"))
A12: Overall | H12: =IF(COUNTA(C5:C10)=0,"",IF(COUNTIF(H5:H10,"FAIL")>0,"FAIL","PASS"))
A14: GAIN CONSTANT (optional — takes the proportional term to ±0.25 % / ±0.15 %)
A15: k = true / indicated, from the highest point measured | C15: =IF(COUNTA(C5:C10)=0,"",INDEX(B5:B10,MATCH(MAX(B5:B10),B5:B10,0))/INDEX(D5:D10,MATCH(MAX(B5:B10),B5:B10,0)))
A16: Expect k within about ±1 % of 1.000. If k ≈ 2.0 your instrument is terminating into 50 Ω — use a 1 MΩ input.

Sheet 6 Optional
A1: Optional characterisation
A2: None of this is needed to release a board. All of it is currently UNMEASURED for the design as a whole — results here would close real gaps in the documentation.
A4: BANDWIDTH — design review finding 8 says the ×100 figure is not obviously set by any RC
A5: −3 dB bandwidth, 10 A range (×10) | C5: kHz | D5: Documentation claims ≈500 kHz, set by the Si8921
A6: −3 dB bandwidth, 5 A range (×100) | C6: kHz | D6: Documentation claims ≈30 kHz; the schematic suggests 30–60 kHz
A8: DRIFT — the whole fixed error term rests on this
A9: Zero at trim temperature | C9: mV | D9: Baseline
A10: Zero after +15 °C soak | C10: mV | D10: Predicted ≈ 4.6 mV shift at the output, 5 A range
A11: Zero after −15 °C soak | C11: mV
A12: DiffAmpRef − ISenseRTN at trim temp | C12: mV | D12: Measuring this over temperature replaces an ESTIMATE in the budget
A13: DiffAmpRef − ISenseRTN after +15 °C | C13: mV | D13: Directly measures the reference-drift term
A15: THERMAL — design review finding 5
A16: U6 case temperature, 30 min, still air | C16: °C | D16: Predicted ~0.6 W dissipation in a SOT-89
A17: R5 shunt temperature at 10 A | C17: °C | D17: Predicted ~33 °C rise; drives the self-heating error term
A18: Ambient during thermal measurements | C18: °C
A20: SUPPLY MARGIN — design review finding 2
A21: +12 rail at 15.0 V in | C21: V
A22: +12 rail at 14.0 V in | C22: V | D22: If this sags, U1 is in dropout — the whole point of finding 2
A23: Lowest input voltage holding +12 V | C23: V | D23: The real dropout threshold for this build
A25: ISOLATION — see SAFETY.md before attempting anything here
A26: Measured barrier creepage, closest point | C26: mm | D26: From the layout or the bare board. NOT yet verified for this design
A27: Measured barrier clearance, closest point | C27: mm
A28: Hipot / isolation test performed? | D28: Only with proper equipment and precautions

Sheet 7 Summary
A1: Summary and sign-off
A2: Pulls the result from each sheet. Nothing to fill in except the comments and the sign-off.
A4: Board serial | B4: ='1 Board'!B4 -> 0
A5: Date | B5: ='1 Board'!B5 -> 0
A6: Ambient at test (°C) | B6: ='1 Board'!B10 -> 0
A8: Bring-up | B8: =IF(COUNTIF('2 Bring-up'!E5:E22,"FAIL")>0,"FAIL",IF(COUNTIF('2 Bring-up'!E5:E22,"PASS")=0,"not done","PASS")) -> not done
A9: Zero trim residual (mV) | B9: ='3 Zero trim'!B6 -> 0
A10: Zero trim | B10: ='3 Zero trim'!B10
A11: Accuracy, 10 A range | B11: ='4 Accuracy 10A'!H12
A12: Accuracy, 5 A range | B12: ='5 Accuracy 5A'!H12
A14: Gain constant k, 10 A range | B14: ='4 Accuracy 10A'!C15
A15: Gain constant k, 5 A range | B15: ='5 Accuracy 5A'!C15
A17: OVERALL
A18: Board result | B18: =IF(OR(B8="FAIL",B9="FAIL",B11="FAIL",B12="FAIL"),"FAIL",IF(OR(B8="not done",B11="",B12=""),"INCOMPLETE","PASS")) -> INCOMPLETE
A20: Comments / anomalies
A24: Tested by
A25: Date
A26: Reviewed by
A28: Write the two gain constants on the board or its label. A calibration nobody can find is a calibration nobody uses.
